{
  "RAMZINEX": {
    "usdt-irt": "https://publicapi.ramzinex.com/exchange/api/v1.0/exchange/orderbooks/11/buys_sells",
    "btc-usdt": "https://publicapi.ramzinex.com/exchange/api/v1.0/exchange/orderbooks/12/buys_sells",
    "btc-irt": "https://publicapi.ramzinex.com/exchange/api/v1.0/exchange/orderbooks/2/buys_sells",
    "ada-usdt": "https://publicapi.ramzinex.com/exchange/api/v1.0/exchange/orderbooks/158/buys_sells",
    "ada-irt": "https://publicapi.ramzinex.com/exchange/api/v1.0/exchange/orderbooks/33/buys_sells",
    "sol-usdt": "https://publicapi.ramzinex.com/exchange/api/v1.0/exchange/orderbooks/218/buys_sells",
    "sol-irt": "https://publicapi.ramzinex.com/exchange/api/v1.0/exchange/orderbooks/96/buys_sells",
    "ton-usdt": "https://publicapi.ramzinex.com/exchange/api/v1.0/exchange/orderbooks/434/buys_sells",
    "ton-irt": "https://publicapi.ramzinex.com/exchange/api/v1.0/exchange/orderbooks/272/buys_sells",
    "xrp-usdt": "https://publicapi.ramzinex.com/exchange/api/v1.0/exchange/orderbooks/643/buys_sells",
    "xrp-irt": "https://publicapi.ramzinex.com/exchange/api/v1.0/exchange/orderbooks/4/buys_sells",
    "eth-usdt": "https://publicapi.ramzinex.com/exchange/api/v1.0/exchange/orderbooks/13/buys_sells",
    "eth-irt": "https://publicapi.ramzinex.com/exchange/api/v1.0/exchange/orderbooks/3/buys_sells",
    "trx-usdt": "https://publicapi.ramzinex.com/exchange/api/v1.0/exchange/orderbooks/27/buys_sells",
    "trx-irt": "https://publicapi.ramzinex.com/exchange/api/v1.0/exchange/orderbooks/25/buys_sells",
    "sui-usdt": "https://publicapi.ramzinex.com/exchange/api/v1.0/exchange/orderbooks/700/buys_sells",
    "sui-irt": "https://publicapi.ramzinex.com/exchange/api/v1.0/exchange/orderbooks/699/buys_sells",
    "bnb-usdt": "https://publicapi.ramzinex.com/exchange/api/v1.0/exchange/orderbooks/18/buys_sells",
    "bnb-irt": "https://publicapi.ramzinex.com/exchange/api/v1.0/exchange/orderbooks/17/buys_sells"
  },
  "EXIR": {
    "usdt-irt": "https://api.exir.io/v2/orderbook?symbol=usdt-irt",
    "btc-usdt": "https://api.exir.io/v2/orderbook?symbol=btc-usdt",
    "btc-irt": "https://api.exir.io/v2/orderbook?symbol=btc-irt",
    "ada-usdt": "https://api.exir.io/v2/orderbook?symbol=ada-usdt",
    "ada-irt": "https://api.exir.io/v2/orderbook?symbol=ada-irt",
    "sol-usdt": "https://api.exir.io/v2/orderbook?symbol=sol-usdt",
    "sol-irt": "https://api.exir.io/v2/orderbook?symbol=sol-irt",
    "ton-usdt": "https://api.exir.io/v2/orderbook?symbol=ton-usdt",
    "ton-irt": "https://api.exir.io/v2/orderbook?symbol=ton-irt",
    "xrp-usdt": "https://api.exir.io/v2/orderbook?symbol=xrp-usdt",
    "xrp-irt": "https://api.exir.io/v2/orderbook?symbol=xrp-irt",
    "eth-usdt": "https://api.exir.io/v2/orderbook?symbol=eth-usdt",
    "eth-irt": "https://api.exir.io/v2/orderbook?symbol=eth-irt",
    "trx-usdt": "https://api.exir.io/v2/orderbook?symbol=trx-usdt",
    "trx-irt": "https://api.exir.io/v2/orderbook?symbol=trx-irt",
    "sui-usdt": "https://api.exir.io/v2/orderbook?symbol=sui-usdt",
    "sui-irt": "https://api.exir.io/v2/orderbook?symbol=sui-irt",
    "bnb-usdt": "https://api.exir.io/v2/orderbook?symbol=bnb-usdt",
    "bnb-irt": "https://api.exir.io/v2/orderbook?symbol=bnb-irt"
  },
  "NOBITEX": {
    "usdt-irt": "https://api.nobitex.ir/v3/orderbook/USDTIRT",
    "btc-usdt": "https://api.nobitex.ir/v3/orderbook/BTCUSDT",
    "btc-irt": "https://api.nobitex.ir/v3/orderbook/BTCIRT",
    "ada-usdt": "https://api.nobitex.ir/v3/orderbook/ADAUSDT",
    "ada-irt": "https://api.nobitex.ir/v3/orderbook/ADAIRT",
    "sol-usdt": "https://api.nobitex.ir/v3/orderbook/SOLUSDT",
    "sol-irt": "https://api.nobitex.ir/v3/orderbook/SOLDIRT",
    "ton-usdt": "https://api.nobitex.ir/v3/orderbook/TONUSDT",
    "ton-irt": "https://api.nobitex.ir/v3/orderbook/TONIRT",
    "xrp-usdt": "https://api.nobitex.ir/v3/orderbook/XRPUSDT",
    "xrp-irt": "https://api.nobitex.ir/v3/orderbook/XRPIRT",
    "eth-usdt": "https://api.nobitex.ir/v3/orderbook/ETHUSDT",
    "eth-irt": "https://api.nobitex.ir/v3/orderbook/ETHIRT",
    "trx-usdt": "https://api.nobitex.ir/v3/orderbook/TRXUSDT",
    "trx-irt": "https://api.nobitex.ir/v3/orderbook/TRXIRT",
    "sui-usdt": "https://api.nobitex.ir/v3/orderbook/SUIUSDT",
    "sui-irt": "https://api.nobitex.ir/v3/orderbook/SUIIRT",
    "bnb-usdt": "https://api.nobitex.ir/v3/orderbook/BNBUSDT",
    "bnb-irt": "https://api.nobitex.ir/v3/orderbook/BNBIRT"
  },
  "WALLEX": {
    "usdt-irt": "https://api.wallex.ir/v1/depth?symbol=USDTTMN",
    "btc-usdt": "https://api.wallex.ir/v1/depth?symbol=BTCUSDT",
    "btc-irt": "https://api.wallex.ir/v1/depth?symbol=BTCTMN",
    "ada-usdt": "https://api.wallex.ir/v1/depth?symbol=ADAUSDT",
    "ada-irt": "https://api.wallex.ir/v1/depth?symbol=ADATMN",
    "sol-usdt": "https://api.wallex.ir/v1/depth?symbol=SOLUSDT",
    "sol-irt": "https://api.wallex.ir/v1/depth?symbol=SOLDTMN",
    "ton-usdt": "https://api.wallex.ir/v1/depth?symbol=TONUSDT",
    "ton-irt": "https://api.wallex.ir/v1/depth?symbol=TONTMN",
    "xrp-usdt": "https://api.wallex.ir/v1/depth?symbol=XRPUSDT",
    "xrp-irt": "https://api.wallex.ir/v1/depth?symbol=XRPTMN",
    "eth-usdt": "https://api.wallex.ir/v1/depth?symbol=ETHUSDT",
    "eth-irt": "https://api.wallex.ir/v1/depth?symbol=ETHTMN",
    "trx-usdt": "https://api.wallex.ir/v1/depth?symbol=TRXUSDT",
    "trx-irt": "https://api.wallex.ir/v1/depth?symbol=TRXTMN",
    "sui-usdt": "https://api.wallex.ir/v1/depth?symbol=SUIUSDT",
    "sui-irt": "https://api.wallex.ir/v1/depth?symbol=SUITMN",
    "bnb-usdt": "https://api.wallex.ir/v1/depth?symbol=BNBUSDT",
    "bnb-irt": "https://api.wallex.ir/v1/depth?symbol=BNBTMN"
  },
  "LBANK": {
    "btc-usdt": "https://api.lbkex.com/v2/depth.do?symbol=btc_usdt&size=2",
    "eth-usdt": "https://api.lbkex.com/v2/depth.do?symbol=eth_usdt&size=2",
    "xrp-usdt": "https://api.lbkex.com/v2/depth.do?symbol=xrp_usdt&size=2",
    "ada-usdt": "https://api.lbkex.com/v2/depth.do?symbol=ada_usdt&size=2",
    "bnb-usdt": "https://api.lbkex.com/v2/depth.do?symbol=bnb_usdt&size=2",
    "ton-usdt": "https://api.lbkex.com/v2/depth.do?symbol=ton_usdt&size=2",
    "trx-usdt": "https://api.lbkex.com/v2/depth.do?symbol=trx_usdt&size=2"
  }
}
