{
  "NOBITEX": {
    "fee": {
      "irt": {
        "maker": 0.002,
        "taker": 0.0025
      },
      "usdt": {
        "maker": 0.001,
        "taker": 0.0013
      }
    },
    "order": {
      "url": "https://api.nobitex.ir/market/orders/add",
      "side": {
        "buy": "buy",
        "sell": "sell"
      }
    },
    "symbol": {
      "btc-irt": "BTCIRT",
      "usdt-irt": "USDTIRT",
      "ada-irt": "ADAIRT",
      "sol-irt": "SOLDIRT",
      "ton-irt": "TONIRT",
      "xrp-irt": "XRPIRT",
      "eth-irt": "ETHIRT",
      "trx-irt": "TRXIRT",
      "bnb-irt": "BNBIRT",
      "btc-usdt": "BTCUSDT",
      "ada-usdt": "ADAUSDT",
      "sol-usdt": "SOLUSDT",
      "ton-usdt": "TONUSDT",
      "xrp-usdt": "XRPUSDT",
      "eth-usdt": "ETHUSDT",
      "trx-usdt": "TRXUSDT",
      "bnb-usdt": "BNBUSDT"
    }
  },
  "WALLEX": {
    "fee": {
      "irt": {
        "maker": 0.0035,
        "taker": 0.0035
      },
      "usdt": {
        "maker": 0.002,
        "taker": 0.002
      }
    },
    "order": {
      "url": "https://api.wallex.ir/v1/account/orders",
      "side": {
        "buy": "BUY",
        "sell": "SELL"
      }
    },
    "symbol": {
      "btc-irt": "BTCTMN",
      "usdt-irt": "USDTTMN",
      "ada-irt": "ADATMN",
      "sol-irt": "SOLTMN",
      "ton-irt": "TONTMN",
      "xrp-irt": "XRPTMN",
      "eth-irt": "ETHTMN",
      "trx-irt": "TRXTMN",
      "bnb-irt": "BNBTMN",
      "btc-usdt": "BTCUSDT",
      "ada-usdt": "ADAUSDT",
      "sol-usdt": "SOLUSDT",
      "ton-usdt": "TONUSDT",
      "xrp-usdt": "XRPUSDT",
      "eth-usdt": "ETHUSDT",
      "trx-usdt": "TRXUSDT",
      "bnb-usdt": "BNBUSDT"
    }
  },
  "RAMZINEX": {
    "fee": {
      "irt": {
        "maker": 0.002,
        "taker": 0.0025
      },
      "usdt": {
        "maker": 0.00095,
        "taker": 0.001
      }
    },
    "order": {
      "url": "https://ramzinex.com/exchange/api/v1.0/exchange/users/me/orders/limit",
      "side": {
        "buy": "buy",
        "sell": "sell"
      }
    },
    "symbol": {
      "btc-irt": "2",
      "usdt-irt": "11",
      "ada-irt": "33",
      "sol-irt": "96",
      "ton-irt": "272",
      "xrp-irt": "4",
      "eth-irt": "3",
      "trx-irt": "25",
      "bnb-irt": "17",
      "btc-usdt": "12",
      "ada-usdt": "33",
      "sol-usdt": "218",
      "ton-usdt": "434",
      "xrp-usdt": "643",
      "eth-usdt": "13",
      "trx-usdt": "27",
      "bnb-usdt": "18"
    }
  },
  "EXIR": {
    "fee": {
      "irt": {
        "maker": 0.003,
        "taker": 0.003
      },
      "usdt": {
        "maker": 0.0009,
        "taker": 0.0012
      }
    },
    "order": {
      "url": "https://api.exir.io/v2/order",
      "side": {
        "buy": "buy",
        "sell": "sell"
      }
    },
    "symbol": {
      "btc-irt": "btc-irt",
      "usdt-irt": "usdt-irt",
      "ada-irt": "ada-irt",
      "sol-irt": "sol-irt",
      "ton-irt": "ton-irt",
      "xrp-irt": "xrp-irt",
      "eth-irt": "eth-irt",
      "trx-irt": "trx-irt",
      "bnb-irt": "bnb-irt",
      "btc-usdt": "btc-usdt",
      "ada-usdt": "ada-usdt",
      "sol-usdt": "sol-usdt",
      "ton-usdt": "ton-usdt",
      "xrp-usdt": "xrp-usdt",
      "eth-usdt": "eth-usdt",
      "trx-usdt": "trx-usdt",
      "bnb-usdt": "bnb-usdt"
    }
  },
  "LBANK": {
    "fee": {
      "usdt": {
        "maker": 0.001,
        "taker": 0.001
      }
    },
    "order": {
      "url": "https://api.lbkex.com/v1/create_order.do"
    }
  },
  "arbitrage": {
    "percent_min_profit_irt": 0.05,
    "percent_min_profit_usdt": 0.05,
    "net_min_profit_irt": 2000,
    "net_min_profit_usdt": 0.05,
    "max_volume_irt": 5000000,
    "max_volume_usdt": 1000,
    "fee_inclusion": true
  }
}
